<?xml version="1.0" encoding="UTF-8"?>
<project-private xmlns="http://www.netbeans.org/ns/project-private/1">
    <editor-bookmarks xmlns="http://www.netbeans.org/ns/editor-bookmarks/2" lastBookmarkId="0"/>
    <open-files xmlns="http://www.netbeans.org/ns/projectui-open-files/2">
        <group>
            <file>file:/C:/Users/AHMED%20BAKR/MPLABXProjects/ECU_Layer/keypad/ecu_keypad.c</file>
            <file>file:/C:/Users/AHMED%20BAKR/MPLABXProjects/application.c</file>
            <file>file:/C:/Users/AHMED%20BAKR/MPLABXProjects/ECU_Layer/LCD/ecu_lcd.h</file>
            <file>file:/C:/Users/AHMED%20BAKR/MPLABXProjects/ECU_Layer/ecu_layer_init.h</file>
            <file>file:/C:/Users/AHMED%20BAKR/MPLABXProjects/application.h</file>
            <file>file:/C:/Users/AHMED%20BAKR/MPLABXProjects/ECU_Layer/LCD/ecu_lcd.c</file>
        </group>
    </open-files>
</project-private>
