<?xml version="1.0" encoding="UTF-8"?>
<project-private xmlns="http://www.netbeans.org/ns/project-private/1">
    <editor-bookmarks xmlns="http://www.netbeans.org/ns/editor-bookmarks/2" lastBookmarkId="0"/>
    <open-files xmlns="http://www.netbeans.org/ns/projectui-open-files/2">
        <group>
            <file>file:/C:/Users/AHMED%20BAKR/MPLABXProjects/MCAL_Layer/std_library.h</file>
            <file>file:/C:/Users/AHMED%20BAKR/MPLABXProjects/MCAL_Layer/Timer0/mcal_timer0.h</file>
            <file>file:/C:/Users/AHMED%20BAKR/MPLABXProjects/MCAL_Layer/compiler.h</file>
            <file>file:/C:/Users/AHMED%20BAKR/MPLABXProjects/MCAL_Layer/EEPROM/hal_eeprom.c</file>
            <file>file:/C:/Users/AHMED%20BAKR/MPLABXProjects/MCAL_Layer/mcal_std_types.h</file>
            <file>file:/C:/Users/AHMED%20BAKR/MPLABXProjects/MCAL_Layer/Interrupt/mcal_external_interrupt.c</file>
            <file>file:/C:/Users/AHMED%20BAKR/MPLABXProjects/application.h</file>
            <file>file:/C:/Users/AHMED%20BAKR/MPLABXProjects/MCAL_Layer/device_config.c</file>
            <file>file:/C:/Users/AHMED%20BAKR/MPLABXProjects/MCAL_Layer/device_config.h</file>
            <file>file:/C:/Users/AHMED%20BAKR/MPLABXProjects/MCAL_Layer/Interrupt/mcal_internal_interrupt.h</file>
            <file>file:/C:/Users/AHMED%20BAKR/MPLABXProjects/MCAL_Layer/Interrupt/mcal_interrupt_manager.h</file>
            <file>file:/C:/Users/AHMED%20BAKR/MPLABXProjects/application.c</file>
            <file>file:/C:/Users/AHMED%20BAKR/MPLABXProjects/MCAL_Layer/EEPROM/hal_eeprom.h</file>
            <file>file:/C:/Users/AHMED%20BAKR/MPLABXProjects/MCAL_Layer/Interrupt/mcal_interrupt_manager.c</file>
            <file>file:/C:/Users/AHMED%20BAKR/MPLABXProjects/MCAL_Layer/Timer0/mcal_timer0.c</file>
            <file>file:/C:/Users/AHMED%20BAKR/MPLABXProjects/MCAL_Layer/ADC/hal_adc.h</file>
            <file>file:/C:/Users/AHMED%20BAKR/MPLABXProjects/MCAL_Layer/Interrupt/mcal_internal_interrupt.c</file>
        </group>
    </open-files>
</project-private>
