<?xml version="1.0" encoding="UTF-8"?>
<project-private xmlns="http://www.netbeans.org/ns/project-private/1">
    <editor-bookmarks xmlns="http://www.netbeans.org/ns/editor-bookmarks/2" lastBookmarkId="0"/>
    <open-files xmlns="http://www.netbeans.org/ns/projectui-open-files/2">
        <group>
            <file>file:/C:/Users/AHMED%20BAKR/MPLABXProjects/ECU_Layer/button/ecu_button.c</file>
            <file>file:/C:/Users/AHMED%20BAKR/MPLABXProjects/ECU_Layer/relay/ecu_relay.h</file>
            <file>file:/C:/Users/AHMED%20BAKR/MPLABXProjects/application.c</file>
            <file>file:/C:/Users/AHMED%20BAKR/MPLABXProjects/MCAL_Layer/GPIO/hal_gpio.h</file>
            <file>file:/C:/Users/AHMED%20BAKR/MPLABXProjects/ECU_Layer/relay/ecu_relay.c</file>
            <file>file:/C:/Users/AHMED%20BAKR/MPLABXProjects/MCAL_Layer/GPIO/hal_gpio.c</file>
            <file>file:/C:/Users/AHMED%20BAKR/MPLABXProjects/ECU_Layer/led/ecu_led.h</file>
            <file>file:/C:/Users/AHMED%20BAKR/MPLABXProjects/application.h</file>
            <file>file:/C:/Users/AHMED%20BAKR/MPLABXProjects/ECU_Layer/button/ecu_button.h</file>
        </group>
    </open-files>
</project-private>
